"","ID","Description","GeneRatio","BgRatio","pvalue","p.adjust","qvalue","geneID","Count"
"Down.HALLMARK_E2F_TARGETS","HALLMARK_E2F_TARGETS","HALLMARK_E2F_TARGETS","158/2099","188/4003",1.13973848585627e-20,5.69869242928137e-19,4.19903652683891e-19,"AK2/ANP32E/ASF1A/ASF1B/AURKA/AURKB/BARD1/BIRC5/BRCA2/BRMS1L/BUB1B/MMS22L/CCNB2/CCNE1/CDC20/CDC25A/CDC25B/CDCA3/CDCA8/CDK1/CDK4/CDKN2A/CDKN2C/CDKN3/CENPE/CENPM/CHEK1/CHEK2/CIT/CKS1B/CKS2/CSE1L/CTPS1/DCLRE1B/DDX39A/DEK/DEPDC1/DIAPH3/DLGAP5/DNMT1/DONSON/DSCC1/E2F8/EED/EIF2S1/ESPL1/EXOSC8/EZH2/GINS1/GINS3/GINS4/H2AX/HELLS/HMGA1/HMGB2/HMGB3/HMMR/HUS1/ILF3/ING3/KIF18B/KIF2C/KIF4A/KPNA2/LBR/LIG1/LMNB1/LYAR/MAD2L1/MCM2/MCM3/MCM4/MCM5/MCM6/MCM7/MELK/MKI67/MSH2/MTHFD2/MXD3/MYBL2/MYC/NAP1L1/NCAPD2/NME1/NOLC1/NOP56/NUDT21/NUP107/NUP153/NUP205/ORC6/PA2G4/PAICS/PCNA/PHF5A/PLK1/PLK4/PNN/POLA2/POLD1/POLD2/POLD3/POLE4/POLE/POP7/PRDX4/PRIM2/PRKDC/PSIP1/PSMC3IP/PTTG1/RACGAP1/RAD1/RAD21/RAD51AP1/RANBP1/RAN/RFC2/RFC3/RNASEH2A/RPA1/RPA2/RRM2/SRSF1/SRSF2/SLBP/SMC1A/SMC3/SMC4/SMC6/SNRPB/SPAG5/SPC24/SPC25/SSRP1/STAG1/STMN1/SUV39H1/SYNCRIP/TACC3/TCF19/TFRC/TIPIN/TK1/TMPO/TOP2A/TP53/TRA2B/TRIP13/TUBB/UBE2S/UBE2T/UNG/USP1/XPO1/XRCC6/ZW10",158
"Down.HALLMARK_G2M_CHECKPOINT","HALLMARK_G2M_CHECKPOINT","HALLMARK_G2M_CHECKPOINT","147/2099","179/4003",2.11299044721322e-17,5.28247611803304e-16,3.89235082381382e-16,"AMD1/ATF5/AURKA/AURKB/BARD1/BIRC5/BRCA2/BUB1/CBX1/CCNA2/CCNB2/CCNF/CDC20/CDC25A/CDC25B/CDC45/CDC6/CDC7/CDK1/CDK4/CDKN2C/CDKN3/CENPA/CENPE/CENPF/CHAF1A/CHEK1/CKS1B/CKS2/CUL1/CUL4A/DBF4/DDX39A/DKC1/DMD/DR1/DTYMK/E2F1/E2F2/E2F3/E2F4/EFNA5/ESPL1/EWSR1/EXO1/EZH2/FANCC/FBXO5/FOXN3/H2AX/HIF1A/HIRA/HMGA1/HMGB3/HMGN2/HMMR/HNRNPU/HUS1/ILF3/INCENP/KATNA1/KIF11/KIF15/KIF20B/KIF23/KIF2C/KIF4A/KIF5B/KPNA2/KPNB1/LBR/LMNB1/MAD2L1/MAPK14/MARCKS/MCM2/MCM3/MCM5/MCM6/MEIS1/MEIS2/MKI67/MT2A/MTF2/MYBL2/MYC/NCL/NDC80/NEK2/NOLC1/NOTCH2/NUP50/ODC1/ORC5/ORC6/PBK/PLK1/PLK4/PML/POLA2/POLE/POLQ/PRC1/PRIM2/PTTG1/PTTG3P/RACGAP1/RAD21/RAD54L/RASAL2/RBL1/RBM14/RPA2/SAP30/SFPQ/SRSF10/SRSF1/SRSF2/SLC7A1/SLC7A5/SMARCC1/SMC1A/SMC2/SMC4/SNRPD1/SQLE/STAG1/STIL/STMN1/SUV39H1/SYNCRIP/TACC3/TFDP1/TMPO/TNPO2/TOP2A/TPX2/TRA2B/TRAIP/TROAP/TTK/UBE2C/UBE2S/UCK2/UPF1/WRN/XPO1",147
"Down.HALLMARK_MYC_TARGETS_V1","HALLMARK_MYC_TARGETS_V1","HALLMARK_MYC_TARGETS_V1","149/2099","186/4003",9.60776576182073e-16,1.60129429363679e-14,1.17990105846921e-14,"ABCE1/ACP1/AIMP2/CAD/CBX3/CCNA2/CCT3/CCT4/CCT5/CCT7/CDC20/CDC45/CDK2/CDK4/CLNS1A/COPS5/COX5A/CSTF2/CTPS1/CUL1/CYC1/DDX18/DDX21/DEK/EEF1B2/EIF2S1/EIF2S2/EIF3B/EIF3D/EIF4A1/EIF4H/EXOSC7/FBL/GNL3/HDAC2/HDDC2/HDGF/HNRNPA2B1/HNRNPA3/HNRNPR/HNRNPU/HPRT1/HSP90AB1/HSPD1/HSPE1/IFRD1/ILF2/KPNA2/KPNB1/LDHA/LSM2/LSM7/MAD2L1/MCM2/MCM4/MCM5/MCM6/MCM7/MRPL9/MRPS18B/MYC/NAP1L1/NCBP1/NCBP2/NME1/NOLC1/NOP16/NOP56/NPM1/ODC1/PA2G4/PABPC4/PCBP1/PCNA/PGK1/PHB2/POLD2/POLE3/PPIA/PPM1G/PRDX4/PRPF31/PRPS2/PSMA1/PSMA2/PSMA4/PSMA7/PSMB2/PSMB3/PSMC4/PSMD14/PSMD1/PSMD3/PSMD7/PSMD8/PWP1/RANBP1/RAN/RFC4/RNPS1/RPL22/RPL34/RPL6/RPLP0/RPS10/RPS2/RPS3/RPS6/RRM1/RRP9/SERBP1/SET/SF3B3/SRSF1/SRSF2/SRSF3/SRSF7/SLC25A3/SMARCC1/SNRPA1/SNRPA/SNRPB2/SNRPD1/SNRPD2/SNRPD3/SNRPG/SRM/SRPK1/SSBP1/SSB/STARD7/SYNCRIP/TARDBP/TCP1/TFDP1/TRA2B/TXNL4A/TYMS/UBA2/UBE2E1/UBE2L3/USP1/VBP1/VDAC3/XPO1/XPOT/XRCC6/YWHAE/YWHAQ",149
"Down.HALLMARK_ALLOGRAFT_REJECTION","HALLMARK_ALLOGRAFT_REJECTION","HALLMARK_ALLOGRAFT_REJECTION","138/2099","178/4003",1.42116916428277e-12,1.77646145535346e-11,1.3089715986815e-11,"ABCE1/ABI1/ACHE/ACVR2A/B2M/BCAT1/BCL10/C2/CAPG/CCL11/CCL13/CCL19/CCL22/CCL2/CCL7/CCND3/CCR1/CCR2/CCR5/CD1D/CD247/CD28/CD2/CD3D/CD3E/CD3G/CD40LG/CD40/CD47/CD4/CD74/CD79A/CD7/CD80/CD86/CD8A/CD8B/CD96/CDKN2A/CFP/CRTAM/CSF1/CSK/CTSS/CXCL9/CXCR3/DYRK3/EGFR/EIF3A/EIF3D/EIF5A/ELF4/ETS1/FASLG/FAS/FCGR2B/FGR/FLNA/GBP2/GCNT1/GLMN/GPR65/GZMA/GZMB/HCLS1/HDAC9/HIF1A/ICAM1/ICOSLG/IFNAR2/IFNGR1/IFNGR2/IFNG/IGSF6/IL10/IL11/IL12A/IL12B/IL12RB1/IL13/IL15/IL18RAP/IL18/IL1B/IL27RA/IL2RA/IL2RB/IL2RG/IL6/IL7/IRF4/IRF8/ITGAL/ITGB2/ITK/KLRD1/LCK/LCP2/LIF/LTB/LY75/LYN/MAP3K7/MAP4K1/MMP9/MRPL3/MTIF2/NCF4/NCK1/NCR1/NME1/NOS2/NPM1/PRF1/PRKCB/PSMB10/PTPRC/RIPK2/RPL39/RPL3L/SIT1/SOCS1/SOCS5/SPI1/SRGN/ST8SIA4/STAT1/STAT4/TAP1/TAP2/TAPBP/TGFB2/TLR1/TLR2/TLR6/TNF/TRAF2/ZAP70",138
"Down.HALLMARK_INTERFERON_GAMMA_RESPONSE","HALLMARK_INTERFERON_GAMMA_RESPONSE","HALLMARK_INTERFERON_GAMMA_RESPONSE","131/2099","183/4003",4.98938264607538e-08,4.98938264607538e-07,3.67638721289765e-07,"APOL6/ARL4A/B2M/BANK1/BATF2/BPGM/BTG1/C1R/C1S/CASP1/CASP3/CASP4/CCL2/CCL7/CD274/CD38/CD40/CD74/CD86/CIITA/CMKLR1/CMPK2/CXCL10/CXCL11/CXCL9/EIF2AK2/EPSTI1/FAS/FCGR1A/FPR1/CMTR1/GBP4/GBP6/GCH1/GPR18/GZMA/HIF1A/ICAM1/IFI30/IFI44L/IFI44/IFIH1/IFIT2/IFIT3/IFITM3/IFNAR2/IL10RA/IL15RA/IL15/IL18BP/IL2RB/IL6/IL7/IRF1/IRF4/IRF5/IRF8/ISG20/ITGB7/KLRK1/LAP3/LATS2/LCP2/LY6E/LYSMD2/METTL7B/MT2A/MTHFD2/MX1/MX2/MYD88/NAMPT/NLRC5/NMI/NOD1/NUP93/OAS2/OASL/P2RY14/PARP12/PARP14/PDE4B/PELI1/PFKP/PIM1/PLA2G4A/PLSCR1/PML/PNP/PSMA2/PSMA3/PSMB10/PSMB2/PSMB8/PSMB9/PSME2/PTGS2/PTPN2/RIPK2/RSAD2/RTP4/SAMD9L/SAMHD1/SECTM1/SERPING1/SLAMF7/SLC25A28/SOCS1/SOCS3/SOD2/ST3GAL5/ST8SIA4/STAT1/STAT2/STAT4/TAP1/TAPBP/TNFAIP2/TNFAIP3/TRIM14/TRIM21/TRIM25/TRIM26/UPP1/USP18/VAMP5/VAMP8/VCAM1/XAF1/XCL1/ZBP1",131
"Down.HALLMARK_MTORC1_SIGNALING","HALLMARK_MTORC1_SIGNALING","HALLMARK_MTORC1_SIGNALING","129/2099","182/4003",1.63884056055856e-07,1.36570046713213e-06,1.00630560736052e-06,"ABCF2/ACTR2/ACTR3/ADD3/AK4/ARPC5L/ASNS/AURKA/BCAT1/BUB1/CACYBP/CALR/CCNF/CCT6A/CDC25A/CFP/COPS5/CORO1A/CTSC/CXCR4/CYB5B/DAPP1/DDIT3/DDIT4/DDX39A/EEF1E1/EGLN3/EIF2S2/ELOVL6/ENO1/FADS1/FADS2/G6PD/GAPDH/GBE1/GMPS/GOT1/GPI/GTF2H1/HMBS/HMGCS1/HPRT1/HSP90B1/HSPA5/HSPD1/HSPE1/IDH1/IDI1/IFI30/IFRD1/IMMT/ITGB2/LDHA/LGMN/M6PR/MAP2K3/MCM2/MCM4/ME1/MLLT11/MTHFD2L/MTHFD2/NAMPT/NFIL3/NFKBIB/NFYC/NUFIP1/NUP205/P4HA1/PDAP1/PDK1/PFKL/PGK1/PGM1/PHGDH/PITPNB/PLK1/PLOD2/PNP/POLR3G/PPA1/PPIA/PPP1R15A/PRDX1/PSAT1/PSMA3/PSMA4/PSMB5/PSMC2/PSMC4/PSMD12/PSMD13/PSMD14/PSME3/PSMG1/PSPH/RAB1A/RIT1/RPA1/RPN1/RRM2/RRP9/SDF2L1/SEC11A/SERPINH1/SHMT2/SKAP2/SLA/SLC1A5/SLC2A1/SLC2A3/SLC7A11/SLC7A5/SQLE/SRD5A1/SSR1/STARD4/STIP1/TES/TFRC/TOMM40/TPI1/TUBA4A/TXNRD1/UCHL5/UNG/USO1/VLDLR/YKT6",129
"Down.HALLMARK_MYC_TARGETS_V2","HALLMARK_MYC_TARGETS_V2","HALLMARK_MYC_TARGETS_V2","47/2099","56/4003",6.71233884611694e-07,4.79452774722639e-06,3.53280991900892e-06,"AIMP2/BYSL/CBX3/CDK4/DDX18/DUSP2/EXOSC5/FARSA/GNL3/HSPD1/HSPE1/IMP4/LAS1L/MAP3K6/MCM4/MCM5/MPHOSPH10/MRTO4/MYBBP1A/MYC/NDUFAF4/NIP7/NOLC1/NOP16/NOP2/NOP56/NPM1/PA2G4/PES1/PLK1/PLK4/PPAN/PPRC1/PUS1/RCL1/RRP12/RRP9/SLC19A1/SLC29A2/SRM/SUPV3L1/TCOF1/TFB2M/UNG/UTP20/WDR43/WDR74",47
"Down.HALLMARK_INFLAMMATORY_RESPONSE","HALLMARK_INFLAMMATORY_RESPONSE","HALLMARK_INFLAMMATORY_RESPONSE","126/2099","186/4003",1.04674820476095e-05,6.54217627975595e-05,4.82055094297807e-05,"ABI1/ACVR2A/ADM/ADORA2B/ADRM1/AQP9/C5AR1/CCL17/CCL20/CCL22/CCL24/CCL2/CCL7/CCR7/CCRL2/CD14/CD40/CD48/CD55/CD70/CD82/CHST2/CLEC5A/CMKLR1/CSF1/CX3CL1/CXCL10/CXCL11/CXCL6/CXCL9/CXCR6/CYBB/DCBLD2/EBI3/EDN1/EIF2AK2/EMP3/ADGRE1/FPR1/FZD5/GCH1/GNA15/GNAI3/GP1BA/GPR132/GPR183/HAS2/HBEGF/HIF1A/HRH1/ICAM1/ICOSLG/IFNGR2/IL10RA/IL10/IL12B/IL15RA/IL15/IL18R1/IL18RAP/IL18/IL1A/IL1B/IL2RB/IL6/IL7R/CXCL8/IRAK2/IRF1/ITGA5/ITGB8/KCNA3/KCNJ2/KCNMB2/KIF1B/KLF6/LAMP3/LCK/LCP2/LIF/LTA/LY6E/LYN/MARCO/MEFV/MEP1A/MET/MMP14/MYC/NAMPT/NMI/NMUR1/OPRK1/OSMR/OSM/P2RX7/PDE4B/PIK3R5/PLAUR/PROK2/PTAFR/PTGER4/PTGIR/PVR/RAF1/RELA/RHOG/RIPK2/RNF144B/ROS1/RTP4/SELE/SGMS2/SLAMF1/SLC11A2/SLC31A1/SLC7A1/SPHK1/TACR1/TAPBP/TLR1/TLR2/TNFRSF1B/TNFRSF9/TNFSF15/TNFSF9",126
"Down.HALLMARK_GLYCOLYSIS","HALLMARK_GLYCOLYSIS","HALLMARK_GLYCOLYSIS","123/2099","190/4003",0.000300548361795464,0.00166971312108591,0.00123031493132646,"ABCB6/ADORA2B/AGRN/AK4/AK3/AKR1A1/ANKZF1/AURKA/B3GAT1/B3GAT3/B3GNT3/B4GALT2/B4GALT4/BPNT1/CD44/CDK1/CENPA/CHPF2/CHPF/CHST12/CHST2/CHST4/CHST6/CLDN3/CLDN9/CLN6/COPB2/CXCR4/DDIT4/DEPDC1/DLD/DPYSL4/DSC2/EFNA3/EGFR/EGLN3/ELF3/ENO1/EXT1/EXT2/QSOX1/G6PD/GAL3ST1/GALK1/GALK2/GAPDHS/GMPPA/GNE/GOT1/GPR87/GYS1/HAX1/HDLBP/HMMR/HOMER1/HS2ST1/HS6ST2/HSPA5/IDH1/IGFBP3/ISG20/KDELR3/KIF20A/LCT/LDHA/LDHC/LHPP/MDH1/MDH2/ME1/ME2/MED24/MERTK/MET/MIF/MIOX/NANP/NDST3/NDUFV3/NSDHL/NT5E/P4HA1/P4HA2/PAM/PC/PDK3/PFKP/PGAM1/PGK1/PGM2/PKM/PKP2/PLOD1/PLOD2/PMM2/PPFIA4/PPIA/PSMC4/PYGB/RPE/RRAGD/SAP30/SDC1/SDC2/SDC3/SLC16A3/SLC25A10/SLC25A13/SOD1/SOX9/SRD5A3/STMN1/TALDO1/TGFA/TGFBI/TKTL1/TPI1/TPST1/TXN/UGP2/VEGFA/VLDLR/ZNF292",123
"Down.HALLMARK_TNFA_SIGNALING_VIA_NFKB","HALLMARK_TNFA_SIGNALING_VIA_NFKB","HALLMARK_TNFA_SIGNALING_VIA_NFKB","117/2099","187/4003",0.00270601163171681,0.0135300581585841,0.00996951653790404,"B4GALT5/BCL2A1/BIRC2/BIRC3/BMP2/BTG1/BTG3/CCL20/CCL2/CCNL1/CCRL2/CD44/CD80/CD83/CEBPB/CFLAR/CSF1/CSF2/CXCL10/CXCL11/CXCL2/CXCL3/CXCL6/DNAJB4/DRAM1/DUSP2/EDN1/EFNA1/EHD1/ETS2/F2RL1/FJX1/FOSL1/FUT4/GCH1/GFPT2/GPR183/HBEGF/ICAM1/ICOSLG/ID2/IER5/IFIH1/IFIT2/IFNGR2/IL12B/IL15RA/IL18/IL1A/IL1B/IL23A/IL6/IL7R/IRF1/JAG1/KLF6/KYNU/LAMB3/LIF/LITAF/MAFF/MAP2K3/MARCKS/MCL1/MSC/MYC/NAMPT/NFAT5/NFIL3/NFKB2/NFKBIE/PANX1/PDE4B/PHLDA1/PHLDA2/PLAUR/PLAU/PLEK/PMEPA1/PNRC1/PPP1R15A/PTGER4/PTGS2/PTX3/RCAN1/RELA/RELB/RIPK2/RNF19B/SAT1/SERPINB2/SERPINB8/SGK1/SLC2A3/SLC2A6/SNN/SOCS3/SOD2/SPHK1/SPSB1/STAT5A/TANK/TAP1/TLR2/TNC/TNFAIP2/TNFAIP3/TNFAIP8/TNFRSF9/TNFSF9/TNF/TNIP1/TRAF1/TRIP10/TUBB2A/VEGFA/YRDC",117
"Down.HALLMARK_IL6_JAK_STAT3_SIGNALING","HALLMARK_IL6_JAK_STAT3_SIGNALING","HALLMARK_IL6_JAK_STAT3_SIGNALING","56/2099","83/4003",0.00359782589553055,0.0163537540705934,0.012050134578332,"A2M/BAK1/CBL/CCL7/CCR1/CD14/CD38/CD44/CNTFR/CSF1/CSF2RA/CSF2/CXCL10/CXCL11/CXCL3/CXCL9/EBI3/FAS/HAX1/HMOX1/IFNGR1/IFNGR2/IL10RB/IL12RB1/IL15RA/IL17RA/IL18R1/IL1B/IL1R2/IL2RA/IL2RG/IL3RA/IL6/IL7/INHBE/IRF1/ITGA4/LTBR/LTB/MYD88/OSMR/PIK3R5/PIM1/PTPN11/PTPN2/SOCS1/SOCS3/STAT1/STAT2/TLR2/TNFRSF12A/TNFRSF1A/TNFRSF1B/TNFRSF21/TNF/TYK2",56
"Down.HALLMARK_BILE_ACID_METABOLISM","HALLMARK_BILE_ACID_METABOLISM","HALLMARK_BILE_ACID_METABOLISM","41/2099","101/4003",0.994077909601404,0.999999999998472,0.736842105262032,"ABCD1/ABCD2/ABCG4/ABCG8/ACSL5/AKR1D1/AQP9/BBOX1/CYP27A1/CYP39A1/CYP7B1/CYP8B1/DIO2/FADS1/FADS2/GCLM/GNPAT/GSTK1/HAO1/IDH1/IDH2/IDI1/KLF1/LCK/NPC1/NR1H4/NR1I2/PEX13/PEX26/PEX6/PHYH/PIPOX/PRDX5/RBP1/SLC23A2/SLC29A1/SLC35B2/SOAT2/SOD1/SULT1B1/TFCP2L1",41
"Down.HALLMARK_MYOGENESIS","HALLMARK_MYOGENESIS","HALLMARK_MYOGENESIS","74/2099","184/4003",0.999746317924118,0.999999999998472,0.736842105262032,"ABLIM1/ACHE/ACTA1/ACTN2/ACTN3/AGRN/APP/ATP2A1/BIN1/CHRNG/CKB/CKM/CNN3/COL4A2/CRYAB/DAPK2/DMD/EFS/EPHB3/FDPS/GJA5/GSN/HBEGF/HSPB2/IFRD1/IGFBP3/ITGB1/ITGB4/KCNH2/KIFC3/KLF5/LPIN1/LSP1/MAPK12/MEF2A/MRAS/MYBPC3/MYBPH/MYL2/MYL6B/MYLK/MYOM2/MYOZ1/NAV2/NCAM1/NOS1/NOTCH1/PC/PDE4DIP/PDLIM7/PICK1/PPFIA4/PRNP/PTGIS/PTP4A3/RIT1/SCHIP1/SH3BGR/SIRT2/SLC6A8/SMTN/SOD3/SPEG/SPHK1/SVIL/TAGLN/TEAD4/TNNC1/TNNI1/TNNI2/TPD52L1/TPM2/TPM3/WWTR1",74
"Down.HALLMARK_XENOBIOTIC_METABOLISM","HALLMARK_XENOBIOTIC_METABOLISM","HALLMARK_XENOBIOTIC_METABOLISM","73/2099","187/4003",0.999938183196901,0.999999999998472,0.736842105262032,"ABCC2/ABCC3/ABCD2/ACO2/ACOX1/ACP1/AHCY/ALAS1/ALDH3A1/AP4B1/AQP9/ARG2/BCAR1/BCAT1/CBR1/CCL25/CDA/COMT/CYP27A1/CYP2C18/CYP2J2/DDC/DDT/EPHA2/ETS2/FAS/FETUB/FMO1/FMO3/GABARAPL1/GART/GCH1/GSTO1/HMOX1/HPRT1/HSD11B1/HSD17B2/ID2/IDH1/IRF8/KYNU/LCAT/LONP1/MT2A/MTHFD1/NDRG2/NPC1/PAPSS2/PC/PGD/PGRMC1/PMM1/POR/PPARD/PROS1/PSMB10/PTS/PYCR1/SHMT2/SLC1A5/SLC22A1/SLC35B1/SMOX/SSR3/TDO2/TGFB2/TMEM176B/TNFRSF1A/TPST1/TTPA/UPP1/VNN1/XDH",73
"Down.HALLMARK_UV_RESPONSE_DN","HALLMARK_UV_RESPONSE_DN","HALLMARK_UV_RESPONSE_DN","46/2099","128/4003",0.999952578289336,0.999999999998472,0.736842105262032,"ABCC1/ACVR2A/ADD3/ADORA2B/AKT3/ANXA2/ANXA4/ARHGEF9/BMPR1A/CACNA1A/CELF2/DLG1/DYRK1A/ERBB2/FBLN5/FYN/GCNT1/GRK5/HAS2/ID1/KALRN/KIT/LAMC1/ADGRL2/LTBP1/MAP1B/MAPK14/MET/MRPS31/MTA1/MYC/NFIB/NOTCH2/NRP1/PIK3CD/PLCB4/PRKCA/PTGFR/RASA2/RND3/SCHIP1/SDC2/SLC7A1/SNAI2/VLDLR/WDR37",46
"Down.HALLMARK_FATTY_ACID_METABOLISM","HALLMARK_FATTY_ACID_METABOLISM","HALLMARK_FATTY_ACID_METABOLISM","54/2099","146/4003",0.999952692785532,0.999999999998472,0.736842105262032,"AADAT/ACAA2/ACADL/ACAT2/ACO2/ACOX1/ACSL5/ACSM3/ADSL/ALDH3A1/CA6/CBR1/CBR3/CD1D/CEL/CPOX/DECR1/DLD/FH/FMO1/GABARAPL1/GAPDHS/HIBCH/HMGCS1/HSP90AA1/IDH1/IDH3B/IDH3G/IDI1/IL4I1/LDHA/LGALS1/MDH1/MDH2/ME1/METAP1/MIF/NCAPH2/NSDHL/ODC1/OSTC/PDHA1/PPARA/PRDX6/PTS/S100A10/SDHA/SDHD/SMS/SUCLG1/TDO2/UROD/VNN1/YWHAH",54
"Down.HALLMARK_ESTROGEN_RESPONSE_LATE","HALLMARK_ESTROGEN_RESPONSE_LATE","HALLMARK_ESTROGEN_RESPONSE_LATE","59/2099","180/4003",0.999999982709304,0.999999999998472,0.736842105262032,"ADD3/ALDH3B1/ASS1/BTG3/CCNA1/CD44/CDC20/CDC6/CKB/CLIC3/CYP26B1/DUSP2/FABP5/FARP1/FDFT1/FKBP5/GAL/HPRT1/HSPA4L/ID2/IDH2/IMPA2/ISG20/KCNK5/KIF20A/KLK10/LAMC2/LSR/LTF/MAPK13/MDK/MEST/NMU/NXT1/OPN3/PAPSS2/PCP4/PDLIM3/PERP/PKP3/PLK4/PPIF/RNASEH2A/S100A9/SCARB1/SFN/SGK1/SLC16A1/SLC26A2/SLC29A1/SLC7A5/ST14/STIL/TFAP2C/TNNC1/TOP2A/TPD52L1/TRIM29/XRCC3",59
"Down.HALLMARK_ESTROGEN_RESPONSE_EARLY","HALLMARK_ESTROGEN_RESPONSE_EARLY","HALLMARK_ESTROGEN_RESPONSE_EARLY","49/2099","178/4003",0.999999999998472,0.999999999998472,0.736842105262032,"ABLIM1/ADD3/ALDH3B1/AQP3/BCL11B/CALB2/CD44/CLDN7/CLIC3/CYP26B1/DHRS3/ELF3/ENDOD1/FARP1/FDFT1/FKBP5/INPP5F/ISG20L2/KAZN/KCNK5/KLK10/KRT15/LAD1/MED24/MYBBP1A/MYBL1/MYC/NAV2/NXT1/OPN3/PAPSS2/PDLIM3/PODXL/PPIF/RRP12/SCARB1/SFN/SH3BP5/SLC16A1/SLC26A2/SLC2A1/SLC37A1/SLC7A5/SVIL/TFAP2C/TGIF2/TGM2/TPD52L1/TUBB2B",49
"Up.HALLMARK_ESTROGEN_RESPONSE_EARLY","HALLMARK_ESTROGEN_RESPONSE_EARLY","HALLMARK_ESTROGEN_RESPONSE_EARLY","112/1164","178/4003",8.90432358953313e-22,4.45216179476656e-20,3.65545915780834e-20,"ABAT/ABCA3/ABHD2/ADCY9/AMFR/ANXA9/AREG/ARL3/AR/ASB13/BAG1/BCL2/BHLHE40/CA12/CANT1/CBFA2T3/CCND1/CELSR1/CELSR2/CHPT1/CISH/CXCL12/DEPTOR/DHRS2/DLC1/DYNLT3/EGR3/ELF1/ELOVL2/ELOVL5/ESRP2/FCMR/FASN/FHL2/FKBP4/FLNB/FOS/GFRA1/GJA1/GLA/GREB1/HSPB8/IGF1R/IGFBP4/IL17RB/IL6ST/ITPK1/KDM4B/KLF4/KRT18/KRT19/KRT8/LRIG1/MAPT/MAST4/MED13L/MLPH/MREG/MSMB/MUC1/MYB/MYOF/NADSYN1/NBL1/NCOR2/NPY1R/NRIP1/OVOL2/P2RY2/PDZK1/PEX11A/PGR/PMAIP1/PRSS23/PTGES/RAB17/RAB31/RAPGEFL1/RARA/REEP1/RET/RHOBTB3/RHOD/SCNN1A/SEC14L2/SEMA3B/SIAH2/SLC19A2/SLC1A1/SLC1A4/SLC22A5/SLC24A3/SLC27A2/SLC39A6/SLC7A2/SNX24/STC2/SULT2B1/SYBU/SYNGR1/TFF1/TFF3/THSD4/TIPARP/TJP3/TMEM164/TOB1/TSKU/TTC39A/UGCG/UNC119/XBP1",112
"Up.HALLMARK_ESTROGEN_RESPONSE_LATE","HALLMARK_ESTROGEN_RESPONSE_LATE","HALLMARK_ESTROGEN_RESPONSE_LATE","102/1164","180/4003",2.4498966977586e-15,6.1247417443965e-14,5.02873532697818e-14,"ABCA3/ABHD2/ACOX2/AGR2/ALDH3A2/AMFR/ANXA9/AREG/ARL3/ASCL1/BAG1/BATF/BCL2/CA12/CA2/CACNA2D2/CCND1/CDH1/CELSR2/CHPT1/CHST8/CISH/COX6C/CPE/CXCL12/CXCL14/CYP4F11/DCXR/DHRS2/DLG5/DNAJC12/DNAJC1/DYNLT3/EGR3/ELOVL5/EMP2/FGFR3/FKBP4/FLNB/FOS/GLA/HMGCS2/HSPB8/IGFBP4/IL17RB/IL6ST/ITPK1/JAK1/KLF4/KRT19/LARGE1/LLGL2/MAPT/METTL3/MOCS2/MYB/MYOF/NBL1/NCOR2/NPY1R/NRIP1/OVOL2/PDCD4/PDZK1/PGR/PLAC1/PLXNB1/PRKAR2B/PRLR/PRSS23/PTGER3/PTGES/RAB31/RABEP1/RAPGEFL1/RET/SCNN1A/SCUBE2/SEMA3B/SERPINA1/SERPINA3/SERPINA5/SIAH2/SLC1A4/SLC22A5/SLC24A3/SLC27A2/SLC2A8/SORD/ST6GALNAC2/SULT2B1/TFF1/TFF3/TFPI2/TJP3/TOB1/TPSAB1/TSPAN13/UGDH/UNC13B/XBP1/ZFP36",102
"Up.HALLMARK_UV_RESPONSE_DN","HALLMARK_UV_RESPONSE_DN","HALLMARK_UV_RESPONSE_DN","60/1164","128/4003",1.13170206112348e-05,0.000188617010187247,0.000154864492574792,"AMPH/APBB2/ATRN/ATXN1/BCKDHB/BDNF/BHLHE40/CAP2/CDKN1B/CDON/CITED2/COL1A1/COL1A2/COL3A1/COL5A2/DBP/DDAH1/DLC1/DUSP1/FHL2/GJA1/ICA1/IGF1R/IGFBP5/INPP4B/IRS1/KCNMA1/LPAR1/MAGI2/MAP2K5/MGLL/MGMT/MIOS/MMP16/NIPBL/NR3C1/PDGFRB/PDLIM5/PHF3/PIAS3/PMP22/PRDM2/PRKAR2B/PRKCE/SCAF8/RBPMS/RUNX1/RXRA/SCN8A/SERPINE1/SFMBT1/SMAD3/SPOP/SRI/SYNJ2/TGFBR2/TGFBR3/TJP1/YTHDC1/ZMIZ1",60
"Up.HALLMARK_MYOGENESIS","HALLMARK_MYOGENESIS","HALLMARK_MYOGENESIS","77/1164","184/4003",0.000103668329657823,0.00129585412072279,0.00106396443596187,"ADAM12/ADCY9/AEBP1/AGL/APLNR/ATP6AP1/BAG1/BDKRB2/BHLHE40/CACNA1H/CACNG1/CAMK2B/CASQ1/CASQ2/CD36/CDKN1A/CFD/COL1A1/COL3A1/COL6A3/COX6A2/COX7A1/CRAT/CTF1/DMPK/ENO3/ERBB3/FHL1/FKBP1B/FOXO4/FST/FXYD1/GNAO1/HRC/HSPB8/IGF1/IGFBP7/ITGB5/KCNH1/LAMA2/LARGE1/LDB3/MAPRE3/MB/MEF2D/MYF6/MYH11/MYH1/MYH4/MYH8/MYL3/MYL7/MYO1C/MYOG/NQO1/OCEL1/PGAM2/PKIA/PPP1R3C/PSEN2/PVALB/PYGM/RB1/REEP1/SGCA/SGCD/SH2B1/SORBS1/SORBS3/SPARC/SPDEF/SPTAN1/STC2/SYNGR2/TNNT1/TNNT3/TSC2",77
"Up.HALLMARK_FATTY_ACID_METABOLISM","HALLMARK_FATTY_ACID_METABOLISM","HALLMARK_FATTY_ACID_METABOLISM","63/1164","146/4003",0.000156853031353656,0.00156853031353656,0.00128784594164054,"ACADS/ACADVL/ACOT2/ACSS1/ADH7/ADIPOR2/ALAD/ALDH3A2/ALDOA/AOC3/AUH/BCKDHB/BLVRA/BMPR1B/CA2/CA4/CD36/CIDEA/CPT1A/CPT2/CRAT/CRYZ/CYP1A1/CYP4A11/CYP4A22/D2HGDH/ECI1/ELOVL5/ENO2/ENO3/EPHX1/ETFDH/FASN/GLUL/GPD1/GPD2/GSTZ1/HAO2/HMGCL/HMGCS2/HSD17B4/HSD17B7/HSDL2/INMT/LTC4S/MAOA/MCEE/MGLL/NTHL1/PDHB/ECI2/PSME1/PTPRG/RAP1GDS1/RDH16/REEP6/RETSAT/SERINC1/SLC22A5/SUCLA2/SUCLG2/UGDH/XIST",63
"Up.HALLMARK_XENOBIOTIC_METABOLISM","HALLMARK_XENOBIOTIC_METABOLISM","HALLMARK_XENOBIOTIC_METABOLISM","72/1164","187/4003",0.00285729973894696,0.0238108311578913,0.0195499455822687,"ACOX2/ACOX3/ADH7/AOX1/ARPP19/ASL/ATOH8/CA2/CD36/CES1/CFB/CROT/CSAD/CYB5A/CYFIP2/CYP1A1/CYP26A1/CYP2E1/CYP4F2/TKFC/DCXR/DDAH2/DHPS/DHRS1/DHRS7/ELOVL5/ENTPD5/EPHX1/ESR1/ETFDH/F10/FAH/FBP1/GAD1/GNMT/GSR/GSS/GSTA3/GSTM4/GSTT2/HACL1/HGFAC/IGF1/IGFBP1/IGFBP4/LEAP2/MAN1A1/MAOA/MCCC2/MPP2/NFS1/NINJ1/NMT1/NQO1/PDK4/PDLIM5/PINK1/PTGES3/PTGES/PTGR1/RBP4/RETSAT/SAR1B/SERPINA6/SERPINE1/SLC35D1/SLC46A3/SLC6A6/TAT/TMBIM6/UGDH/VTN",72
"Up.HALLMARK_BILE_ACID_METABOLISM","HALLMARK_BILE_ACID_METABOLISM","HALLMARK_BILE_ACID_METABOLISM","42/1164","101/4003",0.004396661411837,0.0314047243702643,0.025784931588217,"ABCA2/ABCA3/ABCA5/ABCA6/ABCA8/ABCA9/ABCD3/AGXT/AMACR/APOA1/AR/ATXN1/BCAR3/CROT/CYP46A1/DIO1/EPHX2/FDXR/GNMT/HACL1/HSD17B4/HSD3B7/ISOC1/LIPE/LONP2/NEDD4/NUDT12/PAOX/PECR/PEX11A/PEX11G/PEX12/PEX19/PEX7/PXMP2/RETSAT/RXRA/SERPINA6/SLC23A1/SLC27A2/SULT2B1/TTR",42
"Up.HALLMARK_GLYCOLYSIS","HALLMARK_GLYCOLYSIS","HALLMARK_GLYCOLYSIS","42/1164","190/4003",0.989276499905485,1,0.821052631578947,"AGL/ALDOA/ALG1/ANG/ARPP19/B4GALT7/BIK/CACNA1H/CITED2/COG2/COL5A1/CYB5A/DCN/ECD/ENO2/FKBP4/FUT8/GLCE/GMPPB/GNPDA1/GOT2/GPC3/GPC4/IDUA/IER3/IL13RA1/IRS2/MPI/NOL3/PAXIP1/PFKFB1/PGAM2/POLR3K/PPP2CB/RARS1/RBCK1/SLC35A3/STC1/STC2/TFF3/VCAN/XYLT2",42
"Up.HALLMARK_TNFA_SIGNALING_VIA_NFKB","HALLMARK_TNFA_SIGNALING_VIA_NFKB","HALLMARK_TNFA_SIGNALING_VIA_NFKB","40/1164","187/4003",0.994070507679297,1,0.821052631578947,"AREG/BHLHE40/BTG2/CCND1/CDKN1A/ACKR3/DENND5A/DUSP1/DUSP4/DUSP5/EGR1/EGR3/FOSB/FOS/GEM/IER3/IL6ST/IRS2/JUNB/KDM6B/KLF2/KLF4/KLF9/NINJ1/NR4A1/NR4A2/PDLIM5/PER1/PFKFB3/PLK2/PTPRE/REL/RHOB/SDC4/SERPINE1/SLC16A6/SMAD3/TGIF1/TIPARP/ZFP36",40
"Up.HALLMARK_IL6_JAK_STAT3_SIGNALING","HALLMARK_IL6_JAK_STAT3_SIGNALING","HALLMARK_IL6_JAK_STAT3_SIGNALING","11/1164","83/4003",0.999826922713631,1,0.821052631578947,"ACVR1B/CD36/CSF3R/GRB2/IL13RA1/IL17RB/IL6ST/IRF9/LEPR/PTPN1/STAM2",11
"Up.HALLMARK_INTERFERON_GAMMA_RESPONSE","HALLMARK_INTERFERON_GAMMA_RESPONSE","HALLMARK_INTERFERON_GAMMA_RESPONSE","32/1164","183/4003",0.999923608224747,1,0.821052631578947,"AUTS2/BST2/CASP7/CDKN1A/CFB/DDX60/DHX58/EIF4E3/IFI35/IFIT1/IFITM2/IRF2/IRF7/IRF9/ISOC1/MVP/NCOA3/PSME1/PTPN1/RAPGEF6/RBCK1/RIPK1/RNF213/RNF31/SELP/SPPL2A/SRI/TDRD7/TNFSF10/TRAFD1/TXNIP/ZNFX1",32
"Up.HALLMARK_INFLAMMATORY_RESPONSE","HALLMARK_INFLAMMATORY_RESPONSE","HALLMARK_INFLAMMATORY_RESPONSE","31/1164","186/4003",0.999979347345258,1,0.821052631578947,"ACVR1B/APLNR/AXL/BST2/BTG2/CALCRL/CDKN1A/CSF3R/EREG/FFAR2/GPC3/HPN/IFITM1/IRF7/LPAR1/P2RX4/P2RY2/PSEN1/PTGER2/PTPRE/SCN1B/SERPINE1/SLC1A2/SLC28A2/SLC4A4/SLC7A2/SRI/TACR3/TLR3/TNFSF10/VIP",31
"Up.HALLMARK_MTORC1_SIGNALING","HALLMARK_MTORC1_SIGNALING","HALLMARK_MTORC1_SIGNALING","30/1164","182/4003",0.999980925238847,1,0.821052631578947,"ACACA/ACLY/ADIPOR2/ALDOA/ATP6V1D/BHLHE40/BTG2/CCNG1/CDKN1A/EDEM1/ELOVL5/FDXR/GGA2/GLA/GSR/HMGCR/HSPA4/HSPA9/IGFBP5/LTA4H/NMT1/PSMC6/QDPR/SLC1A4/SLC6A6/SORD/STC1/TBK1/TM7SF2/XBP1",30
"Up.HALLMARK_MYC_TARGETS_V2","HALLMARK_MYC_TARGETS_V2","HALLMARK_MYC_TARGETS_V2","3/1164","56/4003",0.999998899229211,1,0.821052631578947,"IPO4/RABEPK/SORD",3
"Up.HALLMARK_G2M_CHECKPOINT","HALLMARK_G2M_CHECKPOINT","HALLMARK_G2M_CHECKPOINT","17/1164","179/4003",0.999999999980987,1,0.821052631578947,"ARID4A/BUB3/CCND1/CDKN1B/CUL3/EGF/GSPT1/HOXC10/LIG3/MNAT1/NUMA1/PURA/RPS6KA5/SLC12A2/SLC38A1/SMAD3/YTHDC1",17
"Up.HALLMARK_E2F_TARGETS","HALLMARK_E2F_TARGETS","HALLMARK_E2F_TARGETS","14/1164","188/4003",0.999999999999987,1,0.821052631578947,"CDKN1A/CDKN1B/CCP110/GSPT1/NAA38/LUC7L3/MLH1/PAN2/PMS2/PPM1D/RAD50/RBBP7/UBR7/WDR90",14
"Up.HALLMARK_ALLOGRAFT_REJECTION","HALLMARK_ALLOGRAFT_REJECTION","HALLMARK_ALLOGRAFT_REJECTION","12/1164","178/4003",0.999999999999993,1,0.821052631578947,"APBB1/CARTPT/EIF4G3/ELANE/EREG/F2R/IKBKB/IRF7/KRT1/RARS1/TLR3/TPD52",12
"Up.HALLMARK_MYC_TARGETS_V1","HALLMARK_MYC_TARGETS_V1","HALLMARK_MYC_TARGETS_V1","9/1164","186/4003",1,1,0.821052631578947,"BUB3/DHX15/FAM120A/GOT2/GSPT1/IMPDH2/PRDX3/PSMC6/PTGES3",9
